Active Users,page_title
34357,Federal Student Aid
795,"Log In | Federal Student Aid"
536,"Home | U.S. Department of Education"
411,"Home | Federal Student Aid"
306,ERIC - Search Results
272,"PLUS Loan Application | Federal Student Aid"
205,ERIC - Education Resources Information Center
178,"Home | College Scorecard"
152,"Page Not Found - 404 | U.S. Department of Education"
120,"Recover Your Account | Federal Student Aid"
117,"Office for Civil Rights Initiates Title VI Investigations into Institutions of Higher Education | U.S. Department of Education"
113,"School Profile | College Scorecard"
112,"Statement on President Trump’s Executive Order to Return Power Over Education to States and Local Communities | U.S. Department of Education"
107,Become a Public Service Loan Forgiveness (PSLF) Help Tool Ninja – Federal Student Aid
106,"FAFSA® Application | Federal Student Aid"
104,"National Center for Education Statistics (NCES) | IES"
77,"Site Search | U.S. Department of Education"
64,"File a Complaint | Protecting Student Privacy"
61,"ED, HHS, and GSA Respond to Columbia University’s Actions to Comply with Joint Task Force Pre-Conditions | U.S. Department of Education"
55,"Contact Us | U.S. Department of Education"
55,"Federal Role in Education | U.S. Department of Education"
53,"Search Schools | College Scorecard"
53,"U.S. Department of Education’s Office for Civil Rights Sends Letters to 60 Universities Under Investigation for Antisemitic Discrimination and Harassment | U.S. Department of Education"
50,"An Overview of the Department of Education | U.S. Department of Education"
50,"Newsroom | U.S. Department of Education"
49,Create a Graph Classic-NCES Kids' Zone
46,"FERPA | Protecting Student Privacy"
45,"Available Grants | U.S. Department of Education"
37,"U.S. Department of Education Initiates Reduction in Force | U.S. Department of Education"
31,MSIX